-- phpMyAdmin SQL Dump
-- version 5.2.1
-- https://www.phpmyadmin.net/
--
-- Host: localhost
-- Generation Time: Nov 04, 2024 at 08:31 PM
-- Server version: 10.4.28-MariaDB
-- PHP Version: 8.2.4

SET SQL_MODE = "NO_AUTO_VALUE_ON_ZERO";
START TRANSACTION;
SET time_zone = "+00:00";


/*!40101 SET @OLD_CHARACTER_SET_CLIENT=@@CHARACTER_SET_CLIENT */;
/*!40101 SET @OLD_CHARACTER_SET_RESULTS=@@CHARACTER_SET_RESULTS */;
/*!40101 SET @OLD_COLLATION_CONNECTION=@@COLLATION_CONNECTION */;
/*!40101 SET NAMES utf8mb4 */;

--
-- Database: `farm_connect`
--

-- --------------------------------------------------------

--
-- Table structure for table `cart`
--

CREATE TABLE `cart` (
  `id` int(11) NOT NULL,
  `user_id` int(11) NOT NULL,
  `product_id` int(11) NOT NULL,
  `quantity` int(11) NOT NULL DEFAULT 1,
  `added_at` timestamp NOT NULL DEFAULT current_timestamp()
) ENGINE=InnoDB DEFAULT CHARSET=utf8mb4 COLLATE=utf8mb4_general_ci;

-- --------------------------------------------------------

--
-- Table structure for table `orders`
--

CREATE TABLE `orders` (
  `id` int(11) NOT NULL,
  `user_id` int(11) NOT NULL,
  `product_id` int(11) NOT NULL,
  `quantity` int(11) NOT NULL,
  `order_date` timestamp NOT NULL DEFAULT current_timestamp(),
  `status` enum('Pending','Completed','Cancelled') DEFAULT 'Pending'
) ENGINE=InnoDB DEFAULT CHARSET=utf8mb4 COLLATE=utf8mb4_general_ci;

--
-- Dumping data for table `orders`
--

INSERT INTO `orders` (`id`, `user_id`, `product_id`, `quantity`, `order_date`, `status`) VALUES
(3, 3, 3, 3, '2024-10-31 11:41:31', 'Completed'),
(5, 3, 3, 1, '2024-10-31 12:28:00', 'Completed'),
(10, 10, 3, 10, '2024-10-31 16:41:17', 'Completed'),
(11, 10, 3, 1, '2024-10-31 17:53:01', 'Pending'),
(12, 10, 4, 1, '2024-10-31 17:53:01', 'Pending'),
(13, 10, 5, 1, '2024-10-31 17:53:01', 'Pending'),
(14, 10, 6, 1, '2024-10-31 17:53:01', 'Pending'),
(15, 10, 7, 1, '2024-10-31 17:53:01', 'Completed'),
(16, 3, 5, 10, '2024-11-01 15:15:45', 'Completed');

-- --------------------------------------------------------

--
-- Table structure for table `products`
--

CREATE TABLE `products` (
  `id` int(11) NOT NULL,
  `farmer_id` int(11) NOT NULL,
  `name` varchar(100) NOT NULL,
  `description` text DEFAULT NULL,
  `price` decimal(10,2) NOT NULL,
  `quantity` int(11) NOT NULL,
  `image` varchar(255) DEFAULT NULL,
  `created_at` timestamp NOT NULL DEFAULT current_timestamp()
) ENGINE=InnoDB DEFAULT CHARSET=utf8mb4 COLLATE=utf8mb4_general_ci;

--
-- Dumping data for table `products`
--

INSERT INTO `products` (`id`, `farmer_id`, `name`, `description`, `price`, `quantity`, `image`, `created_at`) VALUES
(3, 4, 'Apples', 'Super fresh and green ready to be eaten', 10.00, 11, NULL, '2024-10-31 10:16:04'),
(4, 4, 'Grapes', 'Fresh and really juicy with extra flavor', 20.00, 40, NULL, '2024-10-31 16:53:09'),
(5, 4, 'Oranges', 'Just picked. Will be ready when the order has been delivered', 8.00, 80, NULL, '2024-10-31 17:41:52'),
(6, 4, 'Carrots', 'Most orange carrots you will ever see.', 18.00, 56, NULL, '2024-10-31 17:42:26'),
(7, 4, 'Avocado', 'Not ready just yet will be ready by the time of delivery or within a week', 25.00, 66, NULL, '2024-10-31 17:43:13'),
(8, 4, 'Lemons', 'Very yellow', 5.00, 50, NULL, '2024-11-01 15:16:59');

-- --------------------------------------------------------

--
-- Table structure for table `users`
--

CREATE TABLE `users` (
  `id` int(11) NOT NULL,
  `name` varchar(100) NOT NULL,
  `email` varchar(100) NOT NULL,
  `password` varchar(255) NOT NULL,
  `role` enum('farmer','consumer') NOT NULL,
  `created_at` timestamp NOT NULL DEFAULT current_timestamp()
) ENGINE=InnoDB DEFAULT CHARSET=utf8mb4 COLLATE=utf8mb4_general_ci;

--
-- Dumping data for table `users`
--

INSERT INTO `users` (`id`, `name`, `email`, `password`, `role`, `created_at`) VALUES
(3, 'Jarryd', 'jarrydcarelse@gmail.com', '$2y$10$iMQOeXk5jlVegIUIauIMg.hijd1HrM0YIgQw2FZVQfKWeLwROB1Xm', 'consumer', '2024-10-28 13:18:41'),
(4, 'Martin', 'martin@mail.com', '$2y$10$Tk/AHeM7I5ChD.6HK5514e9AmMvzUg.xR.A03JdlABKDtoJOlQQfe', 'farmer', '2024-10-31 10:14:52'),
(10, 'Darlene', 'darlene@mail.com', '$2y$10$CKVr/VzOX5.OtJoUMhuBQOWgXxFS08llwnoWxFNyHoOEnKqvxIQ5q', 'consumer', '2024-10-31 16:40:26');

--
-- Indexes for dumped tables
--

--
-- Indexes for table `cart`
--
ALTER TABLE `cart`
  ADD PRIMARY KEY (`id`),
  ADD KEY `user_id` (`user_id`),
  ADD KEY `product_id` (`product_id`);

--
-- Indexes for table `orders`
--
ALTER TABLE `orders`
  ADD PRIMARY KEY (`id`),
  ADD KEY `user_id` (`user_id`),
  ADD KEY `product_id` (`product_id`);

--
-- Indexes for table `products`
--
ALTER TABLE `products`
  ADD PRIMARY KEY (`id`),
  ADD KEY `farmer_id` (`farmer_id`);

--
-- Indexes for table `users`
--
ALTER TABLE `users`
  ADD PRIMARY KEY (`id`),
  ADD UNIQUE KEY `email` (`email`);

--
-- AUTO_INCREMENT for dumped tables
--

--
-- AUTO_INCREMENT for table `cart`
--
ALTER TABLE `cart`
  MODIFY `id` int(11) NOT NULL AUTO_INCREMENT, AUTO_INCREMENT=27;

--
-- AUTO_INCREMENT for table `orders`
--
ALTER TABLE `orders`
  MODIFY `id` int(11) NOT NULL AUTO_INCREMENT, AUTO_INCREMENT=17;

--
-- AUTO_INCREMENT for table `products`
--
ALTER TABLE `products`
  MODIFY `id` int(11) NOT NULL AUTO_INCREMENT, AUTO_INCREMENT=9;

--
-- AUTO_INCREMENT for table `users`
--
ALTER TABLE `users`
  MODIFY `id` int(11) NOT NULL AUTO_INCREMENT, AUTO_INCREMENT=11;

--
-- Constraints for dumped tables
--

--
-- Constraints for table `cart`
--
ALTER TABLE `cart`
  ADD CONSTRAINT `cart_ibfk_1` FOREIGN KEY (`user_id`) REFERENCES `users` (`id`) ON DELETE CASCADE,
  ADD CONSTRAINT `cart_ibfk_2` FOREIGN KEY (`product_id`) REFERENCES `products` (`id`) ON DELETE CASCADE;

--
-- Constraints for table `orders`
--
ALTER TABLE `orders`
  ADD CONSTRAINT `orders_ibfk_1` FOREIGN KEY (`user_id`) REFERENCES `users` (`id`) ON DELETE CASCADE,
  ADD CONSTRAINT `orders_ibfk_2` FOREIGN KEY (`product_id`) REFERENCES `products` (`id`) ON DELETE CASCADE;

--
-- Constraints for table `products`
--
ALTER TABLE `products`
  ADD CONSTRAINT `products_ibfk_1` FOREIGN KEY (`farmer_id`) REFERENCES `users` (`id`) ON DELETE CASCADE;
COMMIT;

/*!40101 SET CHARACTER_SET_CLIENT=@OLD_CHARACTER_SET_CLIENT */;
/*!40101 SET CHARACTER_SET_RESULTS=@OLD_CHARACTER_SET_RESULTS */;
/*!40101 SET COLLATION_CONNECTION=@OLD_COLLATION_CONNECTION */;
